title,price,oldPrice,discount
GadgetX MAGNETBT12 In-Ear Bluetooth Headset ( Black ),169,999,-83%
boAt bassheads 100 In-Ear Wired Headphone ( Black ),399,799,-50%
Pickadda Magnet In-Ear Bluetooth Headset ( Assorted ),167,999,-83%
QUXXA MI2 In-Ear Wired Headphone ( White ),147,499,-71%
Bovty M-9 In-Ear Bluetooth Headset ( Black ),159,599,-73%
Monk Tech AKG89 In-Ear Wired Headphone ( Assorted ),129,399,-68%
SHOPLINE Magnet In-Ear Bluetooth Headset ( Black ),169,999,-83%
TECHFIRE TF 5000 AJ-R5 In-Ear Wired Headphone ( Blue ),120,499,-76%
Philips SHE1505BK In-Ear Wired Headphone ( Black ),320,399,-20%
Rockpapa M163- Mono Mono Bluetooth Headset ( Black ),159,499,-68%
Apple Airpods 2 with Charging Case In-Ear Bluetooth Headset ( White ),"12,990","14,900",-13%
PICKMALL 449 In-Ear Wired Headphone ( White ),149,"2,000",-93%
MS TRADING COMPANY QC-10S In-Ear Bluetooth Headset ( Assorted ),179,299,-40%
JBL T50hi In-Ear Wired Headphone ( Black ),479,999,-52%
Pickadda S530 Mono Bluetooth Headset ( Black ),159,399,-60%
boAt BassHeads 100 In-Ear Wired Headphone ( Red ),399,999,-60%
BTK Trade Over-Ear Bluetooth Headset ( Assorted ),499,"1,999",-75%
Smart Choice AKG Design In-Ear Wired Headphone ( Silver ),129,299,-57%
G GAPFILL In-Ear Bluetooth Headset ( Black ),319,"1,199",-73%
IMMUTABLE LvL U Wireless Earphones BT 4.2 with Call Vibration IMT-54184 In-Ear Bluetooth Headset ( Blue ),449,"1,399",-68%
5PLUS 5PHP1 On-Ear Wired Headphone ( Assorted ),224,"1,999",-89%
ZAUKY TWNS-8 In-Ear Bluetooth Headset ( White ),299,"1,499",-80%
AVYUKTA akg earphone original samsung In-Ear Wired Headphone ( Black ),129,329,-61%
Zebronics ZEB-SYMPHONY In-Ear Bluetooth Headset ( Black ),699,"1,199",-42%
JBL C50HI In-Ear Wired Headphone ( Blue ),499,999,-50%
Rockpapa QC10 In-Ear Bluetooth Headset ( Assorted ),189,499,-62%
boAt bassheads 242 In-Ear Wired Headphone ( Black ),599,"1,490",-60%
SKYPHR M521 In-Ear Wired Headphone ( Black ),109,199,-45%
SHOPLINE Magnet Mono Bluetooth Headset ( White ),149,999,-85%
IMMUTABLE BS730 Neckband Wireless With Bluetooth Magnetic Earphones IMT417 In-Ear Bluetooth Headset ( Multi ),279,"1,999",-86%
TECHFIRE Mi Basic In-Ear Wired Headphone ( Black & Red ),149,699,-79%
BTK Trade In-Ear Bluetooth Headset ( White ),384,"1,499",-74%
Monk Tech AKG45 In-Ear Wired Headphone ( Assorted ),129,399,-68%
Boult Audio Basshbuds Loop In-Ear Wired Headphone ( Black ),399,"1,199",-67%
GadgetX GADGETX-BTSMALL-GX3 In-Ear Bluetooth Headset ( Multi ),169,999,-83%
5PLUS 5PHP1 On-Ear Wired Headphone ( Assorted ),224,"1,999",-89%
MS TRADING COMPANY B11 In-Ear Bluetooth Headset ( Blue ),268,999,-73%
Pickadda A1 In-Ear Wired Headphone ( White ),125,299,-58%
Rockpapa Magnet+Earphone In-Ear Bluetooth Headset ( Assorted ),249,790,-68%
ZAUKY In-Ear Bluetooth Headset ( Black ),179,999,-82%
Philips SHE1505BK/94 In-Ear Wired Headphone ( Black ),329,399,-18%
Smart Choice IP1IHUD45 In-Ear Wired Headphone ( White ),135,299,-55%
IMMUTABLE In-Ear Bluetooth Headset ( White ),299,799,-63%
AVYUKTA Samsung Galaxy J7 (2017) In-Ear Wired Headphone ( White ),139,298,-53%
Zebronics Zeb- thunder-Red Over-Ear Bluetooth Headset ( Multi ),799,"1,199",-33%
Acid eye HBS-730 In-Ear Bluetooth Headset ( Black ),279,899,-69%
PICKMALL In-Ear Wired Headphone ( White ),149,"1,999",-93%
JBL T50hi In-Ear Wired Headphone ( Blue ),479,999,-52%
G GAPFILL In-Ear Bluetooth Headset ( Black ),249,799,-69%
BTK Trade Mono Mono Bluetooth Headset ( Assorted ),199,799,-75%
Pickadda A1 In-Ear Wired Headphone ( White ),129,299,-57%
SHOPLINE S650 Mono Bluetooth Headset ( Black ),189,999,-81%
Monk Tech In-Ear Wired Headphone ( Assorted ),119,399,-70%
Boult Audio Bassbuds Loop In-Ear Wired Headphone ( Red ),399,"1,199",-67%
MS TRADING COMPANY QC-10S In-Ear Bluetooth Headset ( Assorted ),177,299,-41%
boAt Bassheads 182 In-Ear Wired Headphone ( Black ),499,"1,299",-62%
Rockpapa S6-BT In-Ear Bluetooth Headset ( Black ),179,499,-64%
QUXXA HP-1080 Over-Ear Wired Headphone ( Black & Red ),240,799,-70%
ZAUKY TWNS-3 In-Ear Bluetooth Headset ( White ),299,"1,499",-80%
5PLUS RME27 On-Ear Wired Headphone ( Assorted ),222,499,-56%
GadgetX GADGETX-S650BTHEAD-A1 In-Ear Bluetooth Headset ( Black ),179,999,-82%
AVYUKTA akg earphones samsung s9 original In-Ear Wired Headphone ( Black ),129,329,-61%
ONE94STORE In-Ear Wired Headphone ( Black ),129,399,-68%
Zebronics ZEB-THUNDER Over-Ear Bluetooth Headset ( Black ),799,"1,199",-33%
